Cas,Men
Min,Tow
Arn,Yer
War,Mar
Pun,Pym
Wal,Woo
Sco,Woo
Bom,Eas
Thi,Lin
Kog,Poi
Mai,Wal
Kia,Dun
Dap,Pen
Ger,Sca
Bar,Wes
Col,Cro
Aus,San
Nar,Val
Hel,Red
Bur,Too
Men,Woo
Woy,Pen
Mir,Dul
Cir,Ros
Kin,Fai
Bal,Tar
Mer,Cas
San,Leu
Mac,Hor
Kem,Sco
Mit,Edg
Wer,Win
Car,Che
Gra,Ada
Can,Gre
Nor,Gor
Lap,Yen
Gos,Lis
Dun,Alb
Kin,Liv
Bla,Tow
Gle,Arn
Fai,St 
Ryd,Wai
Kin,Ban
Wal,Doo
Tur,Lys
Coa,Mil
Mos,Wah
Mas,Yet
Pad,Cri
Rev,Sta
Oly,Rag
Haw,Nor
Tel,Bla
Hig,Ers
Lof,St 
New,Che
Bel,Mai
Wat,Tow
St ,Bom
War,Mou
Wah,Mor
Mea,Tur
Min,Dor
Val,Ber
Wye,Wol
Nor,Pen
Hom,Mou
Poi,War
Wai,Bir
Tow,Sta
War,Kin
Mac,Leu
Eas,Oly
Mac,Gos
Mou,All
Gym,Ban
Mor,Thi
Ber,Eas
Dun,Col
Cor,Tel
Tel,Nor
Woo,Fle
Ter,Car
Ban,Woy
Ada,Hom
Bom,Kin
Wes,Awa
Haz,Mar
Tem,Hex
Lys,Aus
Tal,Tur
Tah,Lep
Con,Bow
Car,Kil
Bro,War
War,Syd
Mar,Our
Emu,Gle
Yen,Ber
Reg,Ash
Cro,St 
Eas,Gre
Sta,Kin
Leu,Ger
Bla,Pun
Art,Bla
Tho,Lap
Bex,Ber
Ric,Fai
Red,Dun
Min,New
Bow,War
Bun,Hil
Wav,Cha
Nor,Wyo
Dou,Tor
Men,Thi
Aub,Car
Wen,Bel
Ash,Won
Awa,Kir
Ers,Kia
New,Nor
Bul,Roo
Tas,Mas
Vil,Bon
Che,Tho
Pen,Lof
Pen,Par
Mou,Wen
Vin,Oak
Tur,Otf
Tho,Mor
Mou,Coa
Bux,Fas
Zig,Mul
War,Cla
Nia,Roc
Thi,Hur
Mac,Nar
Mac,Aub
Edm,Pen
Dul,Den
Pet,Wen
Hur,Asq
Gor,Mac
Fle,Bux
Won,Reg
Ber,Bro
Bur,Eas
Pan,Sev
Bon,Rev
Syd,Riv
Nar,Kog
Kil,Col
Bla,Kem
Lis,Mos
Wol,Har
Roc,Ing
Jan,Ros
Mou,Min
Nor,Bur
Lep,Cow
Cen,Cou
Por,Pan
Col,Car
Den,Dou
Pat,Mac
Lak,Wic
Bir,Ber
Cou,Edm
Rho,Bee
St ,Eng
Yag,Por
Bra,Sum
Exe,Men
Pen,Hur
Lew,Mea
Cly,Gra
St ,Coc
Cam,Una
Mar,Win
Woo,Bel
Sin,Bal
Wyn,Abe
Sut,Haw
Sca,Yag
Asq,Sut
Hex,Fau
Qua,Gui
Lit,Sch
Wic,War
Med,Str
Hil,New
Ros,Wol
Ber,Tem
Car,Mea
Eas,Lid
Ros,Hea
Gou,Bla
Dor,Pet
War,Min
Bee,Tah
Loc,Cab
Wol,Vic
Bat,Eas
Mea,Dom
Coc,Civ
Mor,Epp
Mar,Bar
Cla,Mac
Sum,Mar
Liv,Wol
Hil,Con
Tug,Sef
Har,Nor
Tor,Cen
Gle,Wav
Sta,Koo
Our,Bul
Oat,Bla
Doo,Car
Otf,Cro
Kir,Ryd
Yer,Oat
Mil,Pat
Cab,Bev
Pic,Wir
Epp,Tal
Oak,Hel
Pym,Nor
Boo,Vin
Nor,Bom
Law,Pic
Tow,Bun
Hea,Law
Mar,Bur
Koo,Ter
Cam,Ric
Mul,Emu
Lin,Loc
Cro,Bra
Ham,Can
Pen,Jan
Cam,Wyn
Bla,Exe
Tar,Dun
Met,Wer
Bel,Med
Gui,Wil
Riv,Gym
Hur,Nia
Lid,Lak
Car,Mus
Fas,Zig
Hor,Tho
All,Car
Tow,Kel
Com,Bul
Wen,Cor
Bar,Lin
Ber,Mar
Rob,Hol
Abe,Com
Sch,Mac
Win,Cam
Gre,Boo
Wom,Sin
Eng,Kot
Kel,Mou
Wir,Gou
Fau,Hig
Che,Gle
Lei,Wat
Gre,Lei
Spr,Bar
Dom,Kat
Ban,Wye
Civ,Cam
Bel,Mer
Dun,Int
Car,Mir
Rag,Por
Int,Rob
Too,War
Alb,Pad
Bul,Wom
Bev,Bat
Edg,Mit
Wes,Cir
Sev,Tel
Str,Min
Mou,Wal
Sef,Cam
Pen,Nar
Woo,Riv
Cow,Tug
Cha,Con
Wil,Qua
Win,Bel
Ing,Art
Wyo,Mou
Eas,Lit
Roo,Mac
Hol,Can
Cri,Tas
Par,Met
Riv,Ham
Lin,Rho
Mus,Bex
Con,Mus
Leu,Vil
Por,Cly
Wol,Mou
Vic,Haz
Mus,War
Kot,Dap
Una,Hil
Fai,Pen
Kat,Lew
Can,Wes
Yet,Spr